{"flutter":{"platforms":{"android":{"default":{"projectId":"kelimeoyunu-d3cf9","appId":"1:645739443904:android:814be6cba52e54457f9f25","fileOutput":"android/app/google-services.json"}},"dart":{"lib/firebase_options.dart":{"projectId":"kelimeoyunu-d3cf9","configurations":{"android":"1:645739443904:android:814be6cba52e54457f9f25","ios":"1:645739443904:ios:d0ef67565d7da45a7f9f25","macos":"1:645739443904:ios:d0ef67565d7da45a7f9f25","web":"1:645739443904:web:1fd8694692c6f0557f9f25","windows":"1:645739443904:web:b8ddb93a0031d0237f9f25"}}}}}}