{
  "project_info": {
    "project_number": "645739443904",
    "project_id": "kelimeoyunu-d3cf9",
    "storage_bucket": "kelimeoyunu-d3cf9.appspot.com"
  },
  "client": [
    {
      "client_info": {
        "mobilesdk_app_id": "1:645739443904:android:814be6cba52e54457f9f25",
        "android_client_info": {
          "package_name": "com.example.deneme"
        }
      },
      "oauth_client": [],
      "api_key": [
        {
          "current_key": "AIzaSyA5rgP-K9de-iJS31i3Qe-INrxLbZxefWs"
        }
      ],
      "services": {
        "appinvite_service": {
          "other_platform_oauth_client": []
        }
      }
    }
  ],
  "configuration_version": "1"
}